id,precision,recall,F1,F3
34809033,0.8105802536010742,0.7043172121047974,0.7537218332290649,0.7136731147766113
2903980,0.8370442390441895,0.6840448379516602,0.752849817276001,0.6967809796333313
217442,0.8469409346580505,0.7469947338104248,0.7938342690467834,0.7559151649475098
31155115,0.8242191076278687,0.743901789188385,0.7820035815238953,0.7512222528457642
10982558,0.7882959842681885,0.6322444677352905,0.7016987800598145,0.6450132131576538
21468184,0.8489416241645813,0.6713947057723999,0.7498010396957397,0.6857361197471619
9047319,0.7770237326622009,0.6831022500991821,0.7270422577857971,0.6914601922035217
18403403,0.7915147542953491,0.716363787651062,0.7520665526390076,0.7232305407524109
29338378,0.8542239665985107,0.6781084537506104,0.7560454607009888,0.6923834085464478
23634656,0.7676641345024109,0.6308818459510803,0.6925840973854065,0.642326831817627
25442007,0.8246860504150391,0.7868210077285767,0.8053086996078491,0.7904502749443054
29528784,0.82471764087677,0.6855776906013489,0.7487382888793945,0.6973426938056946
18041574,0.8844704627990723,0.789452075958252,0.8342644572257996,0.7980252504348755
28918691,0.8031150698661804,0.6938994526863098,0.7445233464241028,0.7034658789634705
25346543,0.8246904611587524,0.686035692691803,0.7490001916885376,0.6977672576904297
17964486,0.7595551609992981,0.7291924953460693,0.744064211845398,0.7321190237998962
8076556,0.8595261573791504,0.7442082166671753,0.7977212071418762,0.7543286681175232
24944317,0.8526939153671265,0.7246261835098267,0.7834609150886536,0.7356754541397095
15929228,0.7948204874992371,0.6661314964294434,0.7248080968856812,0.6770942807197571
19942462,0.8592730164527893,0.7178722620010376,0.7822338938713074,0.7298831343650818
14771191,0.7892094254493713,0.6375782489776611,0.7053366303443909,0.6500679850578308
30124552,0.7789415717124939,0.613596498966217,0.6864528059959412,0.6269037127494812
32177667,0.8562700152397156,0.7587025761604309,0.8045390844345093,0.7674472332000732
26897905,0.7832541465759277,0.5583726167678833,0.6519662141799927,0.5748780369758606
6254810,0.8403240442276001,0.8119945526123047,0.8259164094924927,0.814741313457489
29157519,0.8071141242980957,0.5526890158653259,0.6560994982719421,0.5706784129142761
34272740,0.7897466421127319,0.6641883850097656,0.7215460538864136,0.6749186515808105
31539515,0.8120536804199219,0.6922469735145569,0.74737948179245,0.7026129961013794
11312088,0.7996520400047302,0.586894154548645,0.6769498586654663,0.6029360294342041
7038978,0.6641559600830078,0.6442171335220337,0.6540346145629883,0.6461569666862488
27961175,0.6810588836669922,0.6181824207305908,0.6480991840362549,0.6239427924156189
21528510,0.625997006893158,0.6035088896751404,0.6145473122596741,0.605684757232666
22944170,0.8597827553749084,0.6965393424034119,0.7695997357368469,0.7100202441215515
12081161,0.8409350514411926,0.6690499782562256,0.7452094554901123,0.683010458946228
1163589,0.8974409103393555,0.7450533509254456,0.8141779899597168,0.7579230666160583
20258251,0.8408981561660767,0.7092004418373108,0.7694546580314636,0.7204843163490295
4956902,0.843106210231781,0.604061484336853,0.7038410902023315,0.6216880679130554
2304938,0.843253493309021,0.683303713798523,0.7548989653587341,0.6965153813362122
16195955,0.6871641874313354,0.6659258604049683,0.6763783693313599,0.6679903864860535
1387283,0.8428558111190796,0.6888071298599243,0.7580846548080444,0.7016308903694153
17229418,0.858717679977417,0.7699964046478271,0.8119405508041382,0.7780349254608154
17715961,0.7891245484352112,0.6046313643455505,0.68466717004776,0.6191057562828064
11957442,0.8618113994598389,0.6807034015655518,0.760625422000885,0.6953153610229492
7513586,0.8232588768005371,0.7089798450469971,0.7618577480316162,0.7189599275588989
26898296,0.8571394085884094,0.7423487305641174,0.7956249713897705,0.7524253726005554
3437424,0.8323507905006409,0.7046663165092468,0.7632049918174744,0.7156444787979126
13103886,0.8366332650184631,0.6807016730308533,0.7506551742553711,0.6936295628547668
42616543,0.7737414836883545,0.7088779211044312,0.7398908138275146,0.7148706912994385
10507258,0.7490893602371216,0.6644525527954102,0.7042371034622192,0.6720457077026367
42241355,0.806833803653717,0.6278980374336243,0.7062077522277832,0.6421391367912292
15926903,0.8814436793327332,0.7396179437637329,0.8043267726898193,0.7517131567001343
29077828,0.8484055995941162,0.6978609561920166,0.7658047676086426,0.7104678750038147
4797661,0.8215980529785156,0.7094813585281372,0.7614347338676453,0.7192969918251038
10319470,0.7680965662002563,0.6310616135597229,0.6928684115409851,0.642524778842926
4036315,0.8161407709121704,0.7140121459960938,0.7616682052612305,0.7230602502822876
2846440,0.8962903618812561,0.7173786163330078,0.7969163656234741,0.7319901585578918
23408276,0.8316230177879333,0.7712301015853882,0.8002887964248657,0.7768717408180237
19466699,0.797914981842041,0.7007100582122803,0.7461600303649902,0.709351658821106
8174431,0.83785080909729,0.6658163070678711,0.7419922947883606,0.6797739863395691
44181450,0.82040935754776,0.7119165062904358,0.7623221278190613,0.7214572429656982
11901004,0.7674447298049927,0.6316381096839905,0.6929501295089722,0.6430168747901917
13481496,0.7705901265144348,0.614616334438324,0.6838219165802002,0.6273136734962463
2528770,0.7825695276260376,0.6358399987220764,0.7016154527664185,0.6479896306991577
44179804,0.7944324612617493,0.7865859866142273,0.7904897332191467,0.7873636484146118
9280100,0.8594893217086792,0.6995722055435181,0.7713292241096497,0.7128352522850037
19243754,0.8272845149040222,0.7139725089073181,0.7664632201194763,0.72388756275177
196834,0.7899515628814697,0.7022534608840942,0.7435254454612732,0.7101371884346008
38812403,0.7192036509513855,0.6240413188934326,0.6682515740394592,0.6324091553688049
42911089,0.8232447504997253,0.734416127204895,0.7762976884841919,0.7424269914627075
4738755,0.8022933006286621,0.6626582145690918,0.7258209586143494,0.674395740032196
19441490,0.8695821166038513,0.6280508637428284,0.7293399572372437,0.6459936499595642
6559624,0.8376129865646362,0.7310354709625244,0.7807037234306335,0.7404570579528809
21581269,0.7648812532424927,0.6164918541908264,0.682716429233551,0.6286885738372803
17309051,0.821056604385376,0.6550300121307373,0.7287061810493469,0.6685487627983093
23018918,0.8863493800163269,0.8623167872428894,0.8741679191589355,0.8646612167358398
136054,0.8511735796928406,0.750430166721344,0.7976334095001221,0.7594185471534729
10036602,0.8451613783836365,0.736355185508728,0.787015438079834,0.7459585666656494
30252297,0.7732254862785339,0.5645757913589478,0.6526296734809875,0.5802330374717712
7989053,0.8143026232719421,0.6356779336929321,0.7139878273010254,0.6499348878860474
14197646,0.8202227354049683,0.7038770318031311,0.7576091289520264,0.7140049338340759
85666,0.8214033246040344,0.7242960333824158,0.7697993516921997,0.7329611778259277
28777205,0.8854901790618896,0.7462095022201538,0.8099054098129272,0.7581344246864319
13602318,0.8002997040748596,0.7101690173149109,0.7525452971458435,0.7182581424713135
18452493,0.8557999730110168,0.6889562606811523,0.7633680105209351,0.7026549577713013
3652750,0.7509598135948181,0.6631611585617065,0.7043349146842957,0.6710062623023987
3522627,0.8583694696426392,0.7531939744949341,0.8023496866226196,0.7625372409820557
7889757,0.849698007106781,0.7354125380516052,0.7884353399276733,0.745438814163208
35911325,0.8092703223228455,0.7234432101249695,0.7639537453651428,0.7311978936195374
1176830,0.8738735914230347,0.6775320172309875,0.7632785439491272,0.6931046843528748
6481256,0.8472779393196106,0.7584580183029175,0.8004114627838135,0.7664931416511536
27806285,0.8451507091522217,0.699290931224823,0.7653331756591797,0.7115715742111206
38010881,0.7619467973709106,0.7295737266540527,0.7454088926315308,0.7326866984367371
19272604,0.8732055425643921,0.7473009824752808,0.8053622245788574,0.7582337260246277
11229011,0.812609851360321,0.7290034890174866,0.768539547920227,0.7365819811820984
4513849,0.827032208442688,0.724833071231842,0.7725674510002136,0.733902096748352
8788063,0.8515781164169312,0.7096779942512512,0.7741795182228088,0.7217038869857788
6331952,0.9386841058731079,0.8406856060028076,0.8869861960411072,0.8495548367500305
3977555,0.8512744903564453,0.7186623811721802,0.7793676257133484,0.7300349473953247
32917250,0.767869770526886,0.6900244951248169,0.726868748664856,0.6970914602279663
34047975,0.8618667721748352,0.7966214418411255,0.8279606699943542,0.802698016166687
21623177,0.8497629761695862,0.7316301465034485,0.7862842082977295,0.7419446110725403
1813210,0.8610295057296753,0.623298704624176,0.7231264710426331,0.6409966945648193
6863827,0.8200785517692566,0.7025279998779297,0.7567655444145203,0.7127445340156555
17893150,0.8640188574790955,0.7290208339691162,0.7907997965812683,0.7405921220779419
7477255,0.8484974503517151,0.708821713924408,0.7723957896232605,0.7206853032112122
23077685,0.8926950693130493,0.7379592061042786,0.8079854846000671,0.7509762644767761
561703,0.8407977819442749,0.6763439178466797,0.7496576905250549,0.6898365616798401
24644049,0.7929286360740662,0.6602742671966553,0.7205468416213989,0.6715083718299866
13857054,0.8854165077209473,0.6912858486175537,0.776400089263916,0.706782341003418
19867670,0.7429102659225464,0.7092797756195068,0.725705623626709,0.7125051617622375
3954628,0.7687311172485352,0.6753734350204468,0.7190346121788025,0.6836762428283691
43026144,0.8669806122779846,0.7923902273178101,0.8280089497566223,0.7992666959762573
186375,0.6642203330993652,0.6499987244606018,0.6570326089859009,0.651393473148346
7948686,0.8140844702720642,0.6397541761398315,0.7164673805236816,0.6537537574768066
3280220,0.8281822204589844,0.6950159072875977,0.7557779550552368,0.706373929977417
21736991,0.8136835098266602,0.6738515496253967,0.7371952533721924,0.685634195804596
20322788,0.8440724611282349,0.7409258484840393,0.789142906665802,0.750092089176178
10961667,0.8274959921836853,0.6615495085716248,0.7352758049964905,0.6750877499580383
13139010,0.7792322635650635,0.703219473361969,0.7392771244049072,0.7101468443870544
42204724,0.8427248001098633,0.7179710268974304,0.7753618359565735,0.7287593483924866
11556126,0.7926089763641357,0.7848330140113831,0.7887018322944641,0.7856037020683289
29233371,0.8403773903846741,0.6990755200386047,0.7632416486740112,0.7110308408737183
30681156,0.7907098531723022,0.6986640691757202,0.7418426871299744,0.7068929672241211
8086724,0.7810174822807312,0.6201955676078796,0.6913775205612183,0.6332347393035889
13644917,0.7439478039741516,0.672368049621582,0.7063491344451904,0.6789001226425171
441581,0.8072764277458191,0.7333465218544006,0.7685376405715942,0.7401245832443237
24803268,0.8009685277938843,0.6690548658370972,0.7290930151939392,0.6802582144737244
18779020,0.8889694213867188,0.7217488884925842,0.7966790199279785,0.735585629940033
41966016,0.8530992865562439,0.7326855659484863,0.7883206605911255,0.7431752681732178
20805026,0.8302966952323914,0.6935570240020752,0.7557918429374695,0.7051703333854675
32352809,0.8048489093780518,0.6674267649650574,0.7297242879867554,0.6790205240249634
4856403,0.6573111414909363,0.5748870968818665,0.6133423447608948,0.5821874737739563
15111375,0.8451792001724243,0.744848906993866,0.7918486595153809,0.7537971138954163
40423278,0.7244983315467834,0.643801212310791,0.6817702054977417,0.6510528922080994
3085028,0.8598486185073853,0.6851015090942383,0.7625923752784729,0.6993137001991272
23873285,0.7914563417434692,0.6253701448440552,0.6986785531044006,0.6387747526168823
18731748,0.8596924543380737,0.7139049172401428,0.7800453305244446,0.7262201905250549
9599785,0.7733159065246582,0.5128895044326782,0.6167376041412354,0.5307638049125671
12371451,0.7798917293548584,0.5995672941207886,0.6779434084892273,0.6137584447860718
16310229,0.7615857720375061,0.6837407350540161,0.7205668687820435,0.690801739692688
11673095,0.8137502670288086,0.7253881096839905,0.7670327425003052,0.7333512902259827
9021887,0.8262248039245605,0.6358903050422668,0.7186689972877502,0.6508845090866089
9722705,0.6483069658279419,0.5824075937271118,0.6135929822921753,0.5883884429931641
19735455,0.8669416308403015,0.7242028117179871,0.7891698479652405,0.7363262176513672
13835749,0.8244866728782654,0.7539896368980408,0.7876638770103455,0.7604920864105225
13175617,0.7865185737609863,0.6705783605575562,0.7239357829093933,0.6806111931800842
3376004,0.8079482316970825,0.6130445003509521,0.6971298456192017,0.6281986832618713
42440431,0.8407142758369446,0.7760191559791565,0.8070722818374634,0.782037079334259
4013994,0.8060808777809143,0.6503462195396423,0.7198872566223145,0.6631584763526917
25042445,0.8322919011116028,0.7654624581336975,0.797479510307312,0.7716584801673889
41487103,0.8619800806045532,0.7126874327659607,0.7802566289901733,0.7252485752105713
18903810,0.8481360673904419,0.6904466152191162,0.761210560798645,0.7035268545150757
17961696,0.8494580984115601,0.6186374425888062,0.7159023880958557,0.6359170079231262
16854905,0.8566269874572754,0.757561206817627,0.8040541410446167,0.7664246559143066
22523998,0.8448168039321899,0.68617844581604,0.7572788000106812,0.6993099451065063
1931265,0.8143607378005981,0.6525718569755554,0.7245444059371948,0.6657992601394653
25196499,0.8059504628181458,0.7049115300178528,0.7520524859428406,0.7138608694076538
12099524,0.7639069557189941,0.6483415365219116,0.7013958096504211,0.6583003997802734
662272,0.7685615420341492,0.7171993255615234,0.7419926524162292,0.7220245599746704
35963017,0.8278219103813171,0.6551953554153442,0.7314615845680237,0.6691492199897766
3981602,0.8026626110076904,0.5852375626564026,0.6769194602966309,0.6015318632125854
26793876,0.8428743481636047,0.6908925175666809,0.7593534588813782,0.7035789489746094
39850691,0.8658457398414612,0.7293253540992737,0.7917435765266418,0.7410090565681458
35462686,0.8541017174720764,0.7339208126068115,0.7894636988639832,0.7443952560424805
22088654,0.7543129920959473,0.48040300607681274,0.5869758725166321,0.49850499629974365
6718224,0.8692594766616821,0.5650452971458435,0.6848906874656677,0.5855373740196228
19552302,0.732059895992279,0.633952260017395,0.6794830560684204,0.6425636410713196
11218861,0.8124709725379944,0.6363092660903931,0.7136800289154053,0.6504116654396057
18423004,0.8453680276870728,0.7259534597396851,0.781123161315918,0.7363550066947937
381721,0.8491514921188354,0.7253144383430481,0.7823628187179565,0.736048698425293
6754527,0.8115426301956177,0.6758701205253601,0.737518846988678,0.6873612999916077
11463372,0.9011876583099365,0.8398510217666626,0.869438886642456,0.8456063866615295
1619729,0.7960445284843445,0.6471625566482544,0.71392422914505,0.6594970226287842
2304593,0.773396909236908,0.6770445704460144,0.7220204472541809,0.6855858564376831
11977325,0.7916008830070496,0.6436299085617065,0.7099875807762146,0.6558902263641357
5017798,0.8178665637969971,0.6668060421943665,0.7346513867378235,0.6793537139892578
22888516,0.7952810525894165,0.6508000493049622,0.7158228158950806,0.6628420352935791
32908225,0.8701222538948059,0.7433974742889404,0.8017835021018982,0.7543842792510986
8572759,0.7870229482650757,0.6055420637130737,0.6844570636749268,0.6198349595069885
1634638,0.8642528653144836,0.7362281084060669,0.7951200604438782,0.7472980618476868
17154204,0.7350944876670837,0.6509560942649841,0.6904715299606323,0.658493161201477
10495876,0.8743668794631958,0.6929094195365906,0.7731337547302246,0.7075941562652588
7946000,0.7821500897407532,0.6112703084945679,0.6862323880195618,0.6249232292175293
7988009,0.8176363110542297,0.6431809663772583,0.7199915647506714,0.6572033762931824
4484582,0.8293707370758057,0.7022352814674377,0.7605264186859131,0.7131674885749817
7521872,0.8049296736717224,0.6135904788970947,0.6963554620742798,0.6285311579704285
22640737,0.6953064203262329,0.7086858749389648,0.7019323706626892,0.7073248028755188
42425911,0.8202573657035828,0.7000044584274292,0.7553749680519104,0.7104195356369019
27839363,0.8568227887153625,0.7507826089859009,0.8003053665161133,0.7601907253265381
6639086,0.7974721789360046,0.6773543357849121,0.7325217127799988,0.6877129077911377
30215771,0.8344907760620117,0.6635003685951233,0.7392366528511047,0.6773801445960999
11794997,0.7920787334442139,0.6698880195617676,0.725877046585083,0.6803840398788452
19736618,0.8286033272743225,0.702237606048584,0.7602049112319946,0.7131128907203674
647740,0.7592189908027649,0.6546117663383484,0.7030455470085144,0.6637572050094604
10303608,0.8419548273086548,0.6515507698059082,0.734615683555603,0.6666262149810791
14146037,0.6935550570487976,0.6546934843063354,0.6735642552375793,0.6583825945854187
34683419,0.7762490510940552,0.6405959129333496,0.7019285559654236,0.6519896984100342
41441138,0.820757269859314,0.631135880947113,0.7135640382766724,0.6460620164871216
34645856,0.8415980935096741,0.6742814779281616,0.7487059235572815,0.6879587173461914
21021069,0.8086996674537659,0.6697298288345337,0.7326832413673401,0.681439995765686
9151686,0.7983101010322571,0.682642936706543,0.735959529876709,0.6926791071891785
16237698,0.8596503138542175,0.733792781829834,0.7917510867118835,0.7446955442428589
3800742,0.8254745006561279,0.6998330354690552,0.7574791312217712,0.7106495499610901
24489767,0.8199418187141418,0.7160980701446533,0.7645097970962524,0.7252836227416992
11039076,0.7766281962394714,0.6198409795761108,0.6894330382347107,0.6326122879981995
7564848,0.8170043230056763,0.5966147780418396,0.6896297335624695,0.6131547689437866
41981122,0.7862157225608826,0.5735889077186584,0.6632785797119141,0.5895324349403381
39840107,0.85928875207901,0.7768598794937134,0.8159978985786438,0.7843842506408691
27176661,0.841901421546936,0.7629404664039612,0.800478458404541,0.7701636552810669
9449748,0.803119421005249,0.6015837788581848,0.6878942847251892,0.6170685887336731
20306999,0.8415790796279907,0.6399847269058228,0.7270665764808655,0.6556913256645203
35660106,0.8016794919967651,0.6720293760299683,0.7311514616012573,0.6830762624740601
10908608,0.7692856192588806,0.6556278467178345,0.7079238295555115,0.6654596328735352
39056535,0.8731056451797485,0.7297489643096924,0.7950165271759033,0.7419307827949524
1591135,0.8350436687469482,0.7360232472419739,0.7824130058288574,0.7448558807373047
28486612,0.8337281942367554,0.6705400347709656,0.7432824969291687,0.6839267015457153
1471888,0.7921279668807983,0.6170692443847656,0.6937252283096313,0.6310145258903503
16716138,0.787520170211792,0.6641565561294556,0.7205966114997864,0.6747260093688965
14415070,0.8151599764823914,0.7102439403533936,0.7590939402580261,0.7195044159889221
9062617,0.9147970080375671,0.8148857355117798,0.8619558215141296,0.8238838911056519
9785891,0.8126385807991028,0.6984504461288452,0.7512300610542297,0.7084046006202698
26226966,0.8403372764587402,0.6891298294067383,0.75725919008255,0.70175701379776
34309491,0.8778254985809326,0.7375752329826355,0.8016120195388794,0.7495508193969727
9758646,0.7773717641830444,0.6939326524734497,0.7332862615585327,0.7014618515968323
31121714,0.8273374438285828,0.68691486120224,0.7506151795387268,0.6987751126289368
21767181,0.8689326643943787,0.7346900701522827,0.7961925268173218,0.7462184429168701
189059,0.8127310276031494,0.7063283920288086,0.7558032274246216,0.7156982421875
19334269,0.7396303415298462,0.6171655058860779,0.6728711128234863,0.6275562644004822
10196004,0.8008708953857422,0.6913691163063049,0.7421023845672607,0.7009531259536743
12362578,0.8089997172355652,0.6637122631072998,0.729189395904541,0.6758497953414917
24348033,0.6713958978652954,0.6532777547836304,0.6622129082679749,0.6550453901290894
41555576,0.8406270742416382,0.7439239621162415,0.7893246412277222,0.7525814771652222
179028,0.8356595039367676,0.7601785063743591,0.7961338758468628,0.7671074271202087
16789342,0.8515821099281311,0.7227926254272461,0.7819196581840515,0.7338917255401611
8683090,0.8257454633712769,0.7242665886878967,0.7716840505599976,0.7332780361175537
2054185,0.8546338081359863,0.6629801392555237,0.7467054128646851,0.6781886219978333
20788480,0.8248949646949768,0.727101743221283,0.7729173302650452,0.7358251810073853
11892954,0.8166874647140503,0.6117426156997681,0.6995127201080322,0.6274892687797546
12160771,0.8051460385322571,0.6488324999809265,0.718586802482605,0.6616784930229187
42151998,0.8466851711273193,0.7384768128395081,0.7888876795768738,0.7480369210243225
4682786,0.8169252872467041,0.6671124696731567,0.7344571352005005,0.6795749068260193
31875057,0.8183626532554626,0.6937502026557922,0.7509217858314514,0.7044772505760193
33006016,0.797965943813324,0.7115322947502136,0.7522745132446289,0.7193238139152527
35069961,0.8188161849975586,0.7298414707183838,0.7717729210853577,0.7378592491149902
19756,0.5370919704437256,0.6382531523704529,0.5833191275596619,0.6264538764953613
5153120,0.8251755833625793,0.7688260078430176,0.7960048317909241,0.7741122841835022
25269597,0.8642594814300537,0.7658613920211792,0.8120906352996826,0.7746813297271729
12479954,0.8296909332275391,0.7449266314506531,0.7850272059440613,0.7526156306266785
41978468,0.758877158164978,0.6471763849258423,0.6985898613929749,0.6568446755409241
29034787,0.8082848787307739,0.6936683654785156,0.7466033101081848,0.703646183013916
1613345,0.7918656468391418,0.6254937052726746,0.6989151835441589,0.6389174461364746
785190,0.7701717615127563,0.6472568511962891,0.7033849358558655,0.6577541828155518
2699445,0.8285173177719116,0.6852967143058777,0.7501320838928223,0.6973513960838318
11473991,0.8384025692939758,0.6433668732643127,0.728049099445343,0.6586897969245911
12763247,0.8358561396598816,0.6696567535400391,0.7435827255249023,0.6832422018051147
4444602,0.8132801651954651,0.7196564674377441,0.7636092901229858,0.7280375957489014
34289981,0.826697826385498,0.6764941215515137,0.7440915107727051,0.689012885093689
37864034,0.8672059774398804,0.7532455921173096,0.8062186241149902,0.7632758617401123
34826268,0.8218169808387756,0.7328898310661316,0.7748101353645325,0.7409070134162903
28941839,0.7555832266807556,0.6670337915420532,0.7085526585578918,0.674943745136261
8084711,0.8188270926475525,0.6996378302574158,0.7545546889305115,0.7099722027778625
9161859,0.6419689059257507,0.577559232711792,0.6080631613731384,0.583412766456604
31718599,0.8336879014968872,0.6841177940368652,0.7515332698822021,0.6966155767440796
16679494,0.8210324645042419,0.6618626713752747,0.7329050898551941,0.6749475598335266
7595940,0.8691921830177307,0.7157436013221741,0.7850397229194641,0.7286065816879272
35874207,0.7839580774307251,0.6767792105674744,0.7264366149902344,0.6861600279808044
14562905,0.8608710765838623,0.6806063652038574,0.7601983547210693,0.6951630115509033
886748,0.7996996641159058,0.6920047998428345,0.7419646382331848,0.7014512419700623
17229892,0.8105239868164062,0.6795074939727783,0.7392556667327881,0.6906718015670776
38929975,0.8172820806503296,0.6613636016845703,0.7311022877693176,0.6742262244224548
31608023,0.8555157780647278,0.7721726894378662,0.81171053647995,0.7797690033912659
22224821,0.7603140473365784,0.6680059432983398,0.7111771702766418,0.6762157082557678
27996178,0.7828105092048645,0.7043776512145996,0.7415258884429932,0.7115064859390259
2847721,0.8357239961624146,0.690967857837677,0.756483256816864,0.7031471133232117
37857172,0.0,0.0,0.0,0.0
11650849,0.8440655469894409,0.6037914752960205,0.7039915323257446,0.621482789516449
39906267,0.8898242712020874,0.7956558465957642,0.8401094079017639,0.8041661977767944
10739532,0.8929843902587891,0.7151138782501221,0.7942120432853699,0.7296474575996399
22062334,0.822885274887085,0.6957484483718872,0.7539950609207153,0.7066665887832642
28675378,0.8374398350715637,0.6881311535835266,0.7554790377616882,0.7006226181983948
4156776,0.8362199068069458,0.5686393976211548,0.6769469380378723,0.5874366760253906
12878825,0.6927586197853088,0.6049199104309082,0.6458664536476135,0.6126885414123535
15627631,0.8748041987419128,0.7607928514480591,0.8138249516487122,0.7708390951156616
11017355,0.7850604057312012,0.6565612554550171,0.7150838971138,0.6674866676330566
26401062,0.8081981539726257,0.6390302777290344,0.7137271165847778,0.6526920795440674
41541564,0.8229913115501404,0.6801981925964355,0.744812548160553,0.6922083497047424
9486718,0.8513262867927551,0.7189611196517944,0.7795649170875549,0.730316162109375
10144814,0.7873174548149109,0.6372380256652832,0.7043721675872803,0.6496212482452393
29050750,0.8552742004394531,0.7366287112236023,0.7915300726890564,0.7469911575317383
107577,0.7500805854797363,0.6263135671615601,0.6826324462890625,0.636821448802948
22767803,0.7756140828132629,0.6604573726654053,0.7134186029434204,0.6704109907150269
11695468,0.8616283535957336,0.5721731781959534,0.6876832246780396,0.5920628905296326
22207964,0.8484665155410767,0.7161494493484497,0.7767130732536316,0.7274945974349976
1211907,0.7922138571739197,0.6845375299453735,0.7344501614570618,0.6939698457717896
35386764,0.8486175537109375,0.7112643122673035,0.7738936543464661,0.7229658961296082
35142594,0.799995481967926,0.5810092091560364,0.6731399893760681,0.5973610281944275
10079394,0.8026424646377563,0.6585191488265991,0.7234729528427124,0.6705597639083862
24511595,0.8539371490478516,0.7289318442344666,0.7864983677864075,0.7397610545158386
13066749,0.8479533195495605,0.7039358615875244,0.7692620754241943,0.7160981297492981
5144489,0.8974083065986633,0.820517361164093,0.8572421073913574,0.8276084065437317
7951243,0.7919755578041077,0.6805076599121094,0.7320225238800049,0.6902223229408264
24768332,0.8717499375343323,0.7339931726455688,0.7969624400138855,0.7457782626152039
15856760,0.8522250056266785,0.7456791996955872,0.7953999638557434,0.755119800567627
40172131,0.8604828119277954,0.7018231153488159,0.7730966806411743,0.7150067687034607
20093599,0.6697021126747131,0.642615795135498,0.6558794379234314,0.6452254056930542
1477050,0.8466406464576721,0.7385685443878174,0.7889207005500793,0.7481181621551514
16146696,0.7995761632919312,0.702080488204956,0.7476633191108704,0.7107469439506531
2588756,0.7978969812393188,0.6055349707603455,0.6885329484939575,0.6204941868782043
8849365,0.8187796473503113,0.6817464232444763,0.7440059185028076,0.6933505535125732
38163924,0.8357180953025818,0.7412346005439758,0.7856458425521851,0.7497105598449707
37827809,0.7339310646057129,0.6470637321472168,0.68776535987854,0.6548140048980713
16723245,0.8679999709129333,0.7144097089767456,0.7837510108947754,0.7272787094116211
13908748,0.8465592265129089,0.7160466313362122,0.7758525609970093,0.7272587418556213
5428669,0.839780330657959,0.689433753490448,0.757216215133667,0.7020017504692078
6680292,0.7699175477027893,0.6698464155197144,0.7164041996002197,0.6786674857139587
21575129,0.8551895618438721,0.768191397190094,0.8093593716621399,0.7760865092277527
28364386,0.8493430018424988,0.641559362411499,0.7309719324111938,0.6576480865478516
20926094,0.8813571333885193,0.7368102073669434,0.8026275634765625,0.7490956783294678
4875255,0.7271493077278137,0.5871993899345398,0.6497235298156738,0.5987226366996765
13972267,0.8256145119667053,0.7156862616539001,0.7667303085327148,0.7253440618515015
21578033,0.8811096549034119,0.7409936189651489,0.8050001263618469,0.7529674172401428
68318,0.8125719428062439,0.6657532453536987,0.731872022151947,0.6780036091804504
304217,0.8670353889465332,0.7409533858299255,0.7990513443946838,0.7518871426582336
5984287,0.7830243706703186,0.6799333691596985,0.727846622467041,0.6890046000480652
26161144,0.8449891209602356,0.6788948774337769,0.7528902888298035,0.6925070285797119
36080321,0.8274927139282227,0.6576888561248779,0.7328837513923645,0.6714675426483154
4832119,0.6751248836517334,0.6509696245193481,0.6628272533416748,0.6533070802688599
6192755,0.8331262469291687,0.6449083089828491,0.7270331382751465,0.659814715385437
20761481,0.8158475160598755,0.6818052530288696,0.7428278923034668,0.6931942701339722
15056506,0.7809535264968872,0.6609662175178528,0.71596759557724,0.6712799072265625
13955624,0.8244454860687256,0.6991565227508545,0.7566496133804321,0.7099454402923584
25616160,0.8122752904891968,0.6613666415214539,0.7290940880775452,0.6738864779472351
23667222,0.8155702948570251,0.6755305528640747,0.738974392414093,0.6873325705528259
40712589,0.8209430575370789,0.7165220379829407,0.7651865482330322,0.7257534265518188
13868855,0.7585744857788086,0.6175951957702637,0.6808636784553528,0.6292904019355774
1883321,0.7799213528633118,0.6447221040725708,0.7059064507484436,0.6560954451560974
3849296,0.841232419013977,0.6513838768005371,0.7342345714569092,0.6664237380027771
34352948,0.836470365524292,0.7063323259353638,0.765912652015686,0.7174951434135437
14603036,0.821954607963562,0.7600923776626587,0.7898139953613281,0.7658563256263733
8366990,0.8126736283302307,0.6615700125694275,0.7293781042098999,0.6741039156913757
28848476,0.8010053634643555,0.7353990077972412,0.7668014764785767,0.7414720058441162
19615100,0.7820220589637756,0.7099553346633911,0.7442482113838196,0.7165587544441223
16297482,0.8114731311798096,0.6822942495346069,0.7412980794906616,0.6933313608169556
13295554,0.7320402264595032,0.7090147733688354,0.7203435301780701,0.7112519145011902
36049189,0.8282153606414795,0.7074224352836609,0.7630680799484253,0.7178927659988403
39997190,0.8024764657020569,0.7098566889762878,0.753330409526825,0.7181453704833984
17586775,0.8889194130897522,0.7609299421310425,0.8199601173400879,0.7720461487770081
34078229,0.8152240514755249,0.7456098794937134,0.7788645625114441,0.752031683921814
13052302,0.804751992225647,0.7627288103103638,0.7831771373748779,0.7667325735092163
3916428,0.783745527267456,0.6187182664871216,0.6915225386619568,0.6320263743400574
17437168,0.8437712788581848,0.7326725721359253,0.784307062625885,0.7424483299255371
14361861,0.8101624846458435,0.6628398895263672,0.7291339039802551,0.6751164197921753
5484200,0.777391791343689,0.632128119468689,0.6972745656967163,0.6441649794578552
9316751,0.8151458501815796,0.6272467374801636,0.7089576125144958,0.6420465707778931
3830453,0.7910589575767517,0.6365818381309509,0.7054628729820251,0.6492605209350586
30544070,0.8734997510910034,0.8219829797744751,0.8469586968421936,0.8268595337867737
22252082,0.829909086227417,0.7661349773406982,0.7967478632926941,0.7720679640769958
3725948,0.6159746646881104,0.531271755695343,0.5704963803291321,0.5386791229248047
318834,0.8129021525382996,0.7104268074035645,0.7582176923751831,0.7194968461990356
39538664,0.6868255138397217,0.636222779750824,0.660556435585022,0.6409450173377991
29084188,0.7211331129074097,0.7732564806938171,0.7462857961654663,0.7677075266838074
6650832,0.8077362775802612,0.6729137301445007,0.7341868281364441,0.6843363046646118
14504181,0.8145140409469604,0.6416702270507812,0.7178341746330261,0.6555820107460022
26265385,0.7744423747062683,0.6709402203559875,0.7189854979515076,0.6800286173820496
22582632,0.7644708156585693,0.6702431440353394,0.7142626643180847,0.6786075234413147
23952085,0.7638957500457764,0.6844770908355713,0.7220090627670288,0.6916680335998535
3550267,0.7974017262458801,0.5977476835250854,0.6832888126373291,0.6130985021591187
10214930,0.8208934664726257,0.6770068407058716,0.7420393824577332,0.6890851855278015
10306526,0.7987930774688721,0.7445908784866333,0.770740270614624,0.7496778964996338
8935357,0.797710657119751,0.66884446144104,0.7276158332824707,0.6798267364501953
17159341,0.7565029859542847,0.6482957601547241,0.6982319355010986,0.6577032804489136
799310,0.7877680063247681,0.6565089225769043,0.7161739468574524,0.6676331162452698
528562,0.8110369443893433,0.67791748046875,0.738526463508606,0.6892301440238953
5586608,0.7276492118835449,0.6430876851081848,0.6827601194381714,0.6506489515304565
7675381,0.7839617729187012,0.6813932657241821,0.7290878295898438,0.6904263496398926
18399513,0.754300057888031,0.6811403632164001,0.7158558964729309,0.6878114342689514
6008552,0.8025402426719666,0.5706368684768677,0.6670065522193909,0.5876167416572571
25828683,0.867267370223999,0.7177677750587463,0.7854672074317932,0.7303577065467834
6548523,0.8637545108795166,0.7244289517402649,0.7879804968833923,0.7363057136535645
806928,0.8126394748687744,0.6246587634086609,0.7063562870025635,0.6394506096839905
26211234,0.7696794271469116,0.7073330283164978,0.7371904253959656,0.7131094932556152
16130324,0.8525121808052063,0.7008621692657471,0.7692846655845642,0.7135552763938904
11839507,0.7550070285797119,0.6337429881095886,0.6890806555747986,0.6440879106521606
38473432,0.8545541167259216,0.6916494369506836,0.7645201086997986,0.7050905823707581
27939464,0.8126368522644043,0.7440945506095886,0.7768567204475403,0.7504240274429321
17414763,0.7568280100822449,0.6473067402839661,0.697796106338501,0.656811535358429
370537,0.7367489337921143,0.7181479930877686,0.7273295521736145,0.7199657559394836
12490274,0.6825542449951172,0.5960585474967957,0.6363807320594788,0.6037089824676514
9967307,0.8865516781806946,0.7482749223709106,0.8115653991699219,0.760130763053894
18993455,0.7923320531845093,0.6494876146316528,0.7138338685035706,0.6614117622375488
36300450,0.8306387662887573,0.6692184805870056,0.7412423491477966,0.6824813485145569
8980920,0.7981224656105042,0.6681155562400818,0.7273553609848022,0.679178774356842
8616075,0.7904354333877563,0.6927987933158875,0.7384036183357239,0.7014634609222412
4737932,0.7724623084068298,0.6384308338165283,0.699080228805542,0.6497040390968323
3155773,0.8120503425598145,0.7250632643699646,0.7660953998565674,0.7329143285751343
10919087,0.8228192925453186,0.7136571407318115,0.7643603682518005,0.7232524156570435
3764795,0.7620452642440796,0.6460590362548828,0.6992752552032471,0.6560443043708801
1436825,0.8028855323791504,0.6351853609085083,0.7092573046684265,0.6487356424331665
33373117,0.7534415125846863,0.6777687072753906,0.7136045694351196,0.6846450567245483
5272300,0.8241162300109863,0.6838608980178833,0.7474660873413086,0.6957008838653564
8343812,0.7170703411102295,0.6863926649093628,0.7013962268829346,0.6893417835235596
8487823,0.8289121389389038,0.7002229690551758,0.7591524124145508,0.7112653851509094
34390984,0.8432363271713257,0.8049233555793762,0.8236345052719116,0.8085972666740417
4666017,0.8168100118637085,0.708898663520813,0.7590380907058716,0.7183895111083984
2986452,0.7978878021240234,0.6116535663604736,0.6924676895141602,0.6262713074684143
15890133,0.7758059501647949,0.5720298290252686,0.6585136651992798,0.5874602794647217
1656616,0.8013910055160522,0.692270040512085,0.7428445816040039,0.7018264532089233
19785119,0.7444616556167603,0.6430230140686035,0.6900342702865601,0.6519057154655457
25291573,0.8160373568534851,0.6879383325576782,0.7465325593948364,0.6989096403121948
4814445,0.8335049152374268,0.7039147615432739,0.7632482051849365,0.7150318026542664
13638093,0.82370525598526,0.6682698726654053,0.737890899181366,0.6811228394508362
642179,0.6947064399719238,0.6131200790405273,0.6513684391975403,0.6204061508178711
11591532,0.8493160009384155,0.6567073464393616,0.7406951189041138,0.6719458103179932
20328733,0.8728654384613037,0.6810754537582397,0.7651349306106567,0.6963765621185303
10950693,0.8324165940284729,0.7158747911453247,0.7697595953941345,0.7260396480560303
11682882,0.8438409566879272,0.7328914403915405,0.784462571144104,0.7426559925079346
27940429,0.7780275344848633,0.6904299259185791,0.7316160202026367,0.6982920169830322
30370026,0.8439849615097046,0.6909002065658569,0.7598084807395935,0.7036634683609009
3123978,0.8092983365058899,0.6736372113227844,0.7352625131607056,0.6851217150688171
396191,0.7972596883773804,0.6894381046295166,0.739439070224762,0.6988898515701294
6734253,0.8339194655418396,0.7022321224212646,0.762431263923645,0.7134992480278015
16276247,0.8080838918685913,0.6661640405654907,0.7302929162979126,0.6780726909637451
4616971,0.7937718629837036,0.602672815322876,0.685146689414978,0.6175399422645569
7253677,0.8325261473655701,0.6762150526046753,0.746273398399353,0.6891542673110962
9106572,0.8521703481674194,0.6935496926307678,0.7647212147712708,0.7067040801048279
5333769,0.8691133260726929,0.7048705816268921,0.7784227132797241,0.7184476256370544
23833148,0.7622612118721008,0.6277143359184265,0.6884758472442627,0.6389932036399841
16978573,0.8435322642326355,0.7881324291229248,0.8148918151855469,0.7933427691459656
25242890,0.7595936059951782,0.6333194971084595,0.6907328963279724,0.6440256834030151
20017095,0.7967656850814819,0.6982970833778381,0.7442886233329773,0.7070350050926208
10133195,0.8033196926116943,0.6100192666053772,0.6934508085250854,0.625059962272644
34869713,0.8441265821456909,0.7397286891937256,0.7884870171546936,0.748991847038269
7079065,0.7793837189674377,0.6050577163696289,0.6812453866004944,0.6189007759094238
4500466,0.8159673810005188,0.6427226662635803,0.7190570831298828,0.6566648483276367
14175346,0.8348042964935303,0.7383098006248474,0.7835975885391235,0.7469436526298523
16049309,0.8921177983283997,0.578823983669281,0.7021068930625916,0.5998908877372742
4942693,0.7029024958610535,0.6089784502983093,0.6525782346725464,0.6172260642051697
14780830,0.8325417041778564,0.6776934862136841,0.7471790909767151,0.6905370950698853
619381,0.8093776702880859,0.7074525356292725,0.7549906373023987,0.7164750695228577
27261908,0.8675624132156372,0.7426142692565918,0.8002403974533081,0.7534658312797546
10068045,0.768169641494751,0.6589792966842651,0.7093974351882935,0.6684813499450684
3892345,0.7902200818061829,0.65046226978302,0.7135623097419739,0.6621733903884888
19101340,0.6948691010475159,0.6398007869720459,0.6661989092826843,0.6449117064476013
14438169,0.8145813345909119,0.7270943522453308,0.7683554887771606,0.7349881529808044
2983515,0.8033866286277771,0.6279935240745544,0.7049442529678345,0.6420096158981323
3534628,0.8633356094360352,0.683366060256958,0.7628804445266724,0.697914719581604
41229722,0.8565461039543152,0.7618261575698853,0.8064143061637878,0.7703449130058289
16681483,0.8672881722450256,0.7682821750640869,0.8147886395454407,0.7771539092063904
1451539,0.7678535580635071,0.6463321447372437,0.7018716335296631,0.6567255258560181
6127024,0.8055193424224854,0.6849185228347778,0.7403396368026733,0.6953288316726685
22527708,0.8169282078742981,0.7428598403930664,0.7781354188919067,0.7496567368507385
14431628,0.8563765287399292,0.7386321425437927,0.7931584119796753,0.7489292621612549
8522758,0.8399684429168701,0.6305015683174133,0.7203158140182495,0.6466267704963684
10326968,0.7870718240737915,0.6916722059249878,0.736294686794281,0.7001586556434631
16296962,0.776274561882019,0.6162054538726807,0.687039852142334,0.6291792392730713
34584837,0.8168063163757324,0.7206716537475586,0.7657334208488464,0.7292547225952148
29987457,0.7897946834564209,0.6996482610702515,0.7419934272766113,0.7077261805534363
30793087,0.8639441132545471,0.7608837485313416,0.809145450592041,0.7700700163841248
1678600,0.806111752986908,0.6357396245002747,0.7108598947525024,0.6494660973548889
43998153,0.8424417972564697,0.7349469661712646,0.7850316166877747,0.7444459795951843
1806545,0.855805516242981,0.6780417561531067,0.7566227316856384,0.692424476146698
40478119,0.0,0.0,0.0,0.0
37536205,0.8492493033409119,0.7208539843559265,0.7798019051551819,0.7319196462631226
14251328,0.8030943870544434,0.6993131637573242,0.7476193308830261,0.7084684371948242
16674798,0.8089190125465393,0.6869811415672302,0.7429801821708679,0.6974953413009644
9876225,0.8601375818252563,0.7106923460960388,0.7783060669898987,0.7232586741447449
2297735,0.8694686889648438,0.7358349561691284,0.7970896363258362,0.7473209500312805
1418659,0.7540979385375977,0.6607676148414612,0.7043545842170715,0.669048011302948
34215906,0.7833868265151978,0.6953152418136597,0.7367282509803772,0.7032210826873779
37013200,0.8081992268562317,0.6584881544113159,0.7257028222084045,0.6709161996841431
25360895,0.7964213490486145,0.6682977676391602,0.7267558574676514,0.6792246699333191
26510343,0.791689395904541,0.6534124612808228,0.7159352898597717,0.6650278568267822
7793683,0.7842705249786377,0.6477220058441162,0.7094859480857849,0.6591992378234863
11735529,0.7613651156425476,0.6508335471153259,0.7017737030982971,0.6604212522506714
39490711,0.8614104390144348,0.7473268508911133,0.8003235459327698,0.757357120513916
14613043,0.8670440912246704,0.7328445315361023,0.7943159937858582,0.7443656325340271
2023111,0.7854393720626831,0.6516547203063965,0.7123197913169861,0.6629467606544495
20813394,0.8360099196434021,0.745002269744873,0.7878866791725159,0.7532015442848206
22898868,0.8080916404724121,0.6686338782310486,0.7317777872085571,0.6803755760192871
6390435,0.7973130345344543,0.7328166365623474,0.7637055516242981,0.738792896270752
27162479,0.8320107460021973,0.7089236378669739,0.7655512094497681,0.7195688486099243
9563624,0.7656749486923218,0.623178243637085,0.6871165037155151,0.6349958777427673
11003250,0.8187522292137146,0.6128589510917664,0.7009998559951782,0.6286681890487671
11812209,0.7762292623519897,0.6585981845855713,0.7125918865203857,0.6687322854995728
39818544,0.7980697154998779,0.675929844379425,0.7319393754005432,0.686435341835022
16144221,0.8233237862586975,0.6625126600265503,0.7342159748077393,0.6757106184959412
11847996,0.816349446773529,0.5546515583992004,0.6605239510536194,0.573020875453949
2095783,0.7951168417930603,0.6681441068649292,0.7261215448379517,0.6789868474006653
41115740,0.8213827013969421,0.6716813445091248,0.7390271425247192,0.6841503977775574
13862138,0.8550470471382141,0.6815874576568604,0.7585269808769226,0.6957007646560669
18732279,0.8521732091903687,0.6494328379631042,0.7371164560317993,0.6652600169181824
25314804,0.7601439952850342,0.6448699235916138,0.6977781057357788,0.65479975938797
39066163,0.8320971131324768,0.5789396166801453,0.6828085780143738,0.5971059799194336
10499087,0.8014804720878601,0.6705135107040405,0.7301707863807678,0.6816521286964417
361909,0.8183196783065796,0.6581789255142212,0.7295648455619812,0.6713162660598755
2815886,0.846257209777832,0.5499963760375977,0.6666960716247559,0.5699493885040283
8010524,0.8676714897155762,0.7417142987251282,0.7997639775276184,0.7526401877403259
8048256,0.820931077003479,0.7029109001159668,0.7573506832122803,0.7131636142730713
14808249,0.8563858866691589,0.7253325581550598,0.7854300141334534,0.7366049289703369
147657,0.7429893016815186,0.6174127459526062,0.6744050979614258,0.6280273795127869
34137090,0.8608416318893433,0.7075453400611877,0.7767017483711243,0.7203735709190369
57255,0.7648249864578247,0.7783893346786499,0.7715475559234619,0.7770112156867981
8854584,0.8203412890434265,0.7138002514839172,0.7633713483810425,0.7231927514076233
8552037,0.8144282102584839,0.6527707576751709,0.7246937155723572,0.6659901142120361
38756492,0.6802783012390137,0.6400575637817383,0.6595553159713745,0.6438643336296082
16185324,0.9032740592956543,0.6783908009529114,0.7748453617095947,0.6957115530967712
12763503,0.850494921207428,0.7781660556793213,0.8127244114875793,0.7848407030105591
4389673,0.7719117999076843,0.650871217250824,0.7062428593635559,0.6612398624420166
15970387,0.7949823141098022,0.6658157110214233,0.7246884107589722,0.6768124103546143
368246,0.8973843455314636,0.789147675037384,0.8397928476333618,0.7987821102142334
26187673,0.7838309407234192,0.6598381400108337,0.7165098190307617,0.6704437136650085
486387,0.7621825933456421,0.7350277900695801,0.7483589053153992,0.7376558780670166
29052047,0.85750412940979,0.7580550909042358,0.8047187328338623,0.7669497728347778
10959164,0.8688880801200867,0.7092511057853699,0.7809954881668091,0.7225258350372314
8157055,0.8299087285995483,0.7228783965110779,0.7727048993110657,0.7323229312896729
4736756,0.8028526902198792,0.6824294924736023,0.7377592921257019,0.6928214430809021
36317618,0.7963968515396118,0.712311863899231,0.7520111799240112,0.7199128270149231
2060210,0.8457088470458984,0.7015292048454285,0.7669012546539307,0.7136965394020081
10413391,0.8094199299812317,0.6234651803970337,0.7043762803077698,0.6381253600120544
38016721,0.8683652877807617,0.791983425617218,0.8284174799919128,0.7990115880966187
24034288,0.8046582937240601,0.7166289687156677,0.7580967545509338,0.7245556116104126
20739412,0.7760840058326721,0.6454955339431763,0.7047916650772095,0.6565428972244263
13878260,0.6723544597625732,0.6106166839599609,0.6400001645088196,0.6162754893302917
20549689,0.8351650238037109,0.7608900666236877,0.7962993383407593,0.767717719078064
12423424,0.863783597946167,0.7139935493469238,0.7817782759666443,0.7265934944152832
16902402,0.8387866020202637,0.6182576417922974,0.7118331789970398,0.6349513530731201
637469,0.6668030619621277,0.6341004967689514,0.6500407457351685,0.6372256875038147
1143885,0.6870944499969482,0.5562011003494263,0.6147575974464417,0.5670026540756226
1381763,0.8420785665512085,0.6776891946792603,0.7509931325912476,0.6911823749542236
18259470,0.8334347605705261,0.6562345027923584,0.7342953681945801,0.6704900860786438
21267037,0.8708618879318237,0.7840409278869629,0.8251739740371704,0.7919362187385559
12184894,0.8271836042404175,0.7442222833633423,0.7835129499435425,0.7517619729042053
8045209,0.8481392860412598,0.8106376528739929,0.8289644718170166,0.8142378330230713
7824171,0.8080655932426453,0.6989814043045044,0.749575674533844,0.7085464000701904
6656887,0.7722159028053284,0.6543682813644409,0.70842444896698,0.6645092964172363
24357909,0.8300579190254211,0.7160637378692627,0.7688584923744202,0.7260345220565796
15948167,0.846828281879425,0.7100679278373718,0.7724415063858032,0.7217234969139099
7142728,0.7975536584854126,0.6853047609329224,0.7371807098388672,0.6950874924659729
12031091,0.7970165610313416,0.652024507522583,0.7172664403915405,0.6641058325767517
33455639,0.7567107081413269,0.652218222618103,0.7005897164344788,0.661350667476654
14707260,0.7375024557113647,0.5756493806838989,0.6466013193130493,0.5885661244392395
24365074,0.874260663986206,0.7362979054450989,0.7993702292442322,0.7481033802032471
32534171,0.8675089478492737,0.7543168067932129,0.8069629073143005,0.7642892599105835
22302169,0.8292292952537537,0.7134318351745605,0.7669844627380371,0.7235355973243713
9335131,0.8786104917526245,0.7702855467796326,0.8208897709846497,0.7799010276794434
11516078,0.7944371700286865,0.6117379665374756,0.6912188529968262,0.626137375831604
29811858,0.7124872803688049,0.6241142749786377,0.6653792858123779,0.6319526433944702
30161131,0.7609954476356506,0.6744881272315979,0.7151352167129517,0.6822436451911926
12949196,0.8466171026229858,0.7333146333694458,0.7859032154083252,0.7432616949081421
1735578,0.8151208758354187,0.6585322022438049,0.7285070419311523,0.671430766582489
14769336,0.8435858488082886,0.7263553142547607,0.7805936932563782,0.7365915179252625
4586691,0.8609164953231812,0.7348986864089966,0.7929319143295288,0.745815634727478
73877,0.6854569911956787,0.6520531177520752,0.6683379411697388,0.6552462577819824
5562317,0.827561616897583,0.6578306555747986,0.732998788356781,0.671605110168457
3285284,0.8541762828826904,0.7240262627601624,0.7837347388267517,0.7352288961410522
17101856,0.823455810546875,0.6883513331413269,0.7498666048049927,0.6998335123062134
21284975,0.874205470085144,0.7475295662879944,0.8059200644493103,0.7585208415985107
12279297,0.8157190680503845,0.6856328248977661,0.7450402975082397,0.6967440843582153
256929,0.85479736328125,0.7305216789245605,0.787788450717926,0.7412990927696228
30066408,0.7990163564682007,0.7067128419876099,0.7500354051589966,0.7149723172187805
4866605,0.7452160120010376,0.6797585487365723,0.7109838128089905,0.685782253742218
21342476,0.8250138759613037,0.7216700911521912,0.7698894143104553,0.7308246493339539
14945192,0.7351390719413757,0.562373161315918,0.6372540593147278,0.5759076476097107
18643424,0.8645375967025757,0.708651602268219,0.7788712382316589,0.7216640114784241
2951523,0.7935740351676941,0.6752862334251404,0.7296672463417053,0.6855041980743408
16682792,0.7706776857376099,0.6574630737304688,0.7095828652381897,0.6672654151916504
9337573,0.7585894465446472,0.6879791617393494,0.7215610146522522,0.6944431066513062
15219671,0.7845872640609741,0.7446222305297852,0.7640825510025024,0.7484346032142639
4777889,0.834374189376831,0.7066444158554077,0.7652157545089722,0.7176302671432495
22120747,0.7323164343833923,0.6795112490653992,0.7049263119697571,0.6844465732574463
42110694,0.7451971769332886,0.5574415326118469,0.6377882361412048,0.571849524974823
39311330,0.8923900127410889,0.7812198400497437,0.8331126570701599,0.7910747528076172
16845948,0.8701232075691223,0.676072359085083,0.7609209418296814,0.6914936900138855
27443167,0.7795605659484863,0.7334837913513184,0.7558205723762512,0.7378448843955994
14458872,0.6857144236564636,0.6360252499580383,0.6599358320236206,0.6406677961349487
12157473,0.8041713237762451,0.7369602918624878,0.7691001892089844,0.7431715726852417
34047822,0.8206282258033752,0.6433279514312744,0.7212416529655457,0.6575343012809753
2096020,0.8297226428985596,0.5970907211303711,0.6944421529769897,0.6143144369125366
2689792,0.8259615898132324,0.7544273734092712,0.7885755300521851,0.7610183358192444
8967180,0.7913012504577637,0.6529747843742371,0.7155138850212097,0.664592444896698
11522238,0.8426442742347717,0.7314046025276184,0.7830936908721924,0.7411893010139465
6195197,0.795788049697876,0.6622234582901001,0.7228879928588867,0.6735279560089111
24561297,0.8381625413894653,0.7028579711914062,0.7645702958106995,0.7143903970718384
17557031,0.8530303239822388,0.789813220500946,0.8202054500579834,0.7957101464271545
1420231,0.8005687594413757,0.6414780020713806,0.7122476696968079,0.6544840931892395
12462082,0.845764696598053,0.6903376579284668,0.7601879239082336,0.70326167345047
775029,0.7945902943611145,0.5816718339920044,0.6716609597206116,0.5976874232292175
3367502,0.7808874845504761,0.6653876304626465,0.7185256481170654,0.6753770709037781
25992539,0.8459056615829468,0.6909458637237549,0.7606135606765747,0.7038393616676331
36159135,0.823158860206604,0.5524795055389404,0.6611889004707336,0.571264386177063
25708010,0.7733252048492432,0.6472678184509277,0.7047036290168762,0.6579935550689697
16213838,0.8530088067054749,0.7054300308227539,0.7722318768501282,0.7178495526313782
10748640,0.8376084566116333,0.7271082997322083,0.7784565687179565,0.7368288040161133
23817515,0.8710719347000122,0.7279688119888306,0.7931169867515564,0.7401278614997864
1824684,0.8400521278381348,0.7354453802108765,0.784276008605957,0.7447189092636108
23634069,0.8161225318908691,0.6720634698867798,0.7371203899383545,0.6841396689414978
3220356,0.810538649559021,0.6337487101554871,0.711323618888855,0.6478798985481262
23959400,0.8692675828933716,0.7050878405570984,0.7786171436309814,0.7186613082885742
12057585,0.786677896976471,0.6446152329444885,0.708596408367157,0.6564701199531555
15668994,0.8130409717559814,0.6696096062660217,0.7343875765800476,0.6816345453262329
4527224,0.7049666047096252,0.5659465789794922,0.6278532147407532,0.5773316025733948
16631212,0.8346614837646484,0.7252828478813171,0.7761374711990356,0.7349135875701904
30801597,0.8761481046676636,0.7028021812438965,0.7799596786499023,0.7169877886772156
16482965,0.8076165914535522,0.6583006381988525,0.7253540754318237,0.6707009077072144
39365105,0.8902043700218201,0.765483558177948,0.8231464624404907,0.7763606309890747
22678171,0.7952231168746948,0.6830921173095703,0.7349050045013428,0.6928618550300598
640223,0.7696412205696106,0.7213056087493896,0.74468994140625,0.7258641719818115
20922784,0.7479803562164307,0.7207953333854675,0.7341362237930298,0.7234246134757996
25146697,0.850956916809082,0.6990550756454468,0.767562747001648,0.7117605209350586
36410701,0.8425047397613525,0.7393874526023865,0.7875851988792419,0.7485491633415222
11903161,0.8698672652244568,0.8075196743011475,0.8375347852706909,0.8133493661880493
39903844,0.8503891825675964,0.7034068703651428,0.7699460387229919,0.7157784700393677
9727834,0.8106726408004761,0.6868818998336792,0.7436608672142029,0.6975333094596863
38842054,0.7738882899284363,0.6648344993591309,0.7152283191680908,0.6743370294570923
28326815,0.8193361759185791,0.681476891040802,0.7440749406814575,0.6931394338607788
11743731,0.7935004830360413,0.6232501268386841,0.6981458067893982,0.6369155645370483
7344551,0.8115948438644409,0.7063584923744202,0.7553287744522095,0.7156378626823425
21835500,0.8204849362373352,0.5998483300209045,0.6930296421051025,0.6164246201515198
21453630,0.8547986149787903,0.7204566597938538,0.7818991541862488,0.7319602370262146
38283209,0.7796695232391357,0.6655759215354919,0.7181191444396973,0.6754602789878845
9599469,0.8224611282348633,0.6061431765556335,0.697924792766571,0.6225161552429199
480181,0.8722301125526428,0.7539898157119751,0.808811366558075,0.7643514275550842
18127164,0.8580574989318848,0.7231850624084473,0.7848693132400513,0.7347338795661926
5617375,0.8581433296203613,0.7789065837860107,0.8166072964668274,0.7861656546592712
11650431,0.7543519139289856,0.634759247303009,0.6894075274467468,0.6449846029281616
21168353,0.8479195833206177,0.6500484347343445,0.7359153628349304,0.6655805110931396
7388980,0.7959158420562744,0.7402079105377197,0.7670517563819885,0.7454253435134888
22123452,0.8043606877326965,0.7114251852035522,0.7550438642501831,0.7197409868240356
23791189,0.7884587049484253,0.6849896907806396,0.7330912947654724,0.6940982937812805
11752800,0.8035435676574707,0.6951721906661987,0.7454397082328796,0.7046759128570557
10503943,0.8089991211891174,0.58720862865448,0.680487871170044,0.6037610173225403
21499182,0.8603711128234863,0.7010574340820312,0.7725868225097656,0.7142837643623352
1816217,0.6783745884895325,0.6506721377372742,0.6642346382141113,0.6533401608467102
34852110,0.7853565216064453,0.6194072365760803,0.6925798058509827,0.6327781677246094
25881564,0.7925852537155151,0.663610577583313,0.7223863005638123,0.6745879650115967
8291510,0.8109585046768188,0.6385690569877625,0.7145128846168518,0.652438223361969
4547676,0.6941164135932922,0.5724607706069946,0.6274459958076477,0.5826730728149414
33135335,0.8680055141448975,0.7534660696983337,0.8066902756690979,0.763541579246521
11238410,0.806266188621521,0.592782199382782,0.6832361817359924,0.6089048981666565
29297910,0.8101061582565308,0.6432138681411743,0.7170774340629578,0.6567436456680298
22010486,0.83405601978302,0.7285547256469727,0.7777438759803772,0.7378883957862854
11068585,0.7420477271080017,0.6606809496879578,0.6990044116973877,0.6680057644844055
132817,0.7571948170661926,0.6553695201873779,0.7026121616363525,0.6643028259277344
2786398,0.8151784539222717,0.6847041845321655,0.7442662715911865,0.6958416104316711
9065518,0.8666126728057861,0.6310285925865173,0.730291485786438,0.6486621499061584
10819590,0.8349208235740662,0.6869435906410217,0.7537379860877991,0.6993383169174194
38580182,0.8756150603294373,0.6839257478713989,0.7679897546768188,0.6992332339286804
7466488,0.6462154388427734,0.6424162983894348,0.6443102955818176,0.6427941918373108
9244568,0.868961751461029,0.7512580156326294,0.8058345317840576,0.7615737318992615
3588495,0.8140668869018555,0.6621654629707336,0.7303010821342468,0.6747561097145081
41831146,0.8265151977539062,0.707835853099823,0.7625856995582581,0.7181476950645447
10946763,0.8217061161994934,0.6158815622329712,0.7040594816207886,0.6317046880722046
19888720,0.7510715126991272,0.6637845635414124,0.704735517501831,0.6715895533561707
768076,0.8406457901000977,0.7168223857879639,0.773811936378479,0.7275386452674866
21791959,0.8085160255432129,0.6715709567070007,0.7337080836296082,0.6831419467926025
24264428,0.8611433506011963,0.7676090598106384,0.8116904497146606,0.7760381698608398
107487,0.7509660720825195,0.6723483800888062,0.7094860076904297,0.6794615387916565
3437181,0.8221404552459717,0.6963609457015991,0.7540414333343506,0.7071801424026489
8174458,0.8343684077262878,0.6394591331481934,0.7240256071090698,0.6547542214393616
16917342,0.8672831058502197,0.7167328000068665,0.7848535180091858,0.7293941974639893
17856249,0.7786842584609985,0.6390140056610107,0.7019690275192261,0.6506851315498352
21183324,0.8089021444320679,0.7270976305007935,0.7658215165138245,0.7345258593559265
10570604,0.8750712275505066,0.7397151589393616,0.8017202615737915,0.7513368129730225
43166442,0.7574396133422852,0.6001488566398621,0.6696823239326477,0.6128759384155273
137924,0.8609164953231812,0.7477824091911316,0.8003712892532349,0.7577399611473083
2336852,0.6678601503372192,0.6140427589416504,0.6398217678070068,0.6190310120582581
25978921,0.8001476526260376,0.7246042490005493,0.7605046033859253,0.731510579586029
41030220,0.8795256614685059,0.7048138380050659,0.7825366258621216,0.7190982699394226
5694230,0.8644965291023254,0.5808192491531372,0.6948186755180359,0.6005249619483948
15920992,0.8421854972839355,0.789844274520874,0.8151755928993225,0.7947837710380554
24419234,0.7603939771652222,0.7135727405548096,0.7362396717071533,0.7179937958717346
29088123,0.7779989838600159,0.6295133233070374,0.695923924446106,0.6417617201805115
41030164,0.895427942276001,0.7937000393867493,0.8415006995201111,0.8028206825256348
43193684,0.8643596172332764,0.7246293425559998,0.7883507609367371,0.7365360260009766
21021751,0.8250737190246582,0.652817964553833,0.7289072275161743,0.6667378544807434
16935362,0.8676415681838989,0.7452390789985657,0.8017957210540771,0.7559029459953308
30056739,0.7670028805732727,0.7048768997192383,0.7346287965774536,0.710632860660553
15719038,0.8093678951263428,0.7404619455337524,0.7733830809593201,0.7468200325965881
3129197,0.831486165523529,0.6871435642242432,0.7524551153182983,0.6992828249931335
30801755,0.7185733318328857,0.6515533924102783,0.683424174785614,0.6576875448226929
29929112,0.8405900001525879,0.7281301617622375,0.7803290486335754,0.738003671169281
29029569,0.7991025447845459,0.65486741065979,0.7198308110237122,0.6669048070907593
21948748,0.8760079741477966,0.7439824342727661,0.804615318775177,0.7553666830062866
41284314,0.8270881175994873,0.7105159759521484,0.7643831372261047,0.7206733822822571
22743350,0.8244881629943848,0.7753823399543762,0.7991816401481628,0.7800281047821045
19834811,0.8427057266235352,0.7102154493331909,0.770808756351471,0.7215598225593567
43360778,0.7179521918296814,0.6181650757789612,0.6643323302268982,0.6268779635429382
18084046,0.8080235719680786,0.7352710366249084,0.7699324488639832,0.7419513463973999
36056236,0.8575130701065063,0.7109203338623047,0.7773661017417908,0.7232850193977356
36887336,0.8452327251434326,0.7084621787071228,0.7708275318145752,0.7201147079467773
12214192,0.5994578003883362,0.6478619575500488,0.6227207183837891,0.642672598361969
14286335,0.8164672255516052,0.6598123908042908,0.7298281192779541,0.6727197766304016
20797440,0.8086329102516174,0.6832283139228821,0.7406598925590515,0.6939908862113953
11053366,0.806302011013031,0.6761554479598999,0.7355158925056458,0.6872484087944031
2282719,0.6821774840354919,0.59441077709198,0.6352771520614624,0.6021578907966614
20113283,0.7603799700737,0.6439179182052612,0.697319746017456,0.6539337635040283
5071411,0.7760606408119202,0.5884425640106201,0.6693530082702637,0.603020966053009
18842772,0.8169554471969604,0.6872416734695435,0.7465056777000427,0.6983295679092407
31066011,0.7256788015365601,0.7011765241622925,0.7132172584533691,0.7035520672798157
6593083,0.8192559480667114,0.708827018737793,0.7600513696670532,0.7185119390487671
12993564,0.8662266135215759,0.7239557504653931,0.7887268662452698,0.7360446453094482
14206066,0.8422814607620239,0.7381118535995483,0.7867634892463684,0.7473548054695129
15102500,0.8437967896461487,0.6843785047531128,0.7557724118232727,0.6975575089454651
27258662,0.8559403419494629,0.6902772784233093,0.7642341256141663,0.703900933265686
9847349,0.8306050300598145,0.6486445069313049,0.7284334301948547,0.6631726026535034
10154412,0.8170844912528992,0.7073049545288086,0.7582417726516724,0.7169373631477356
8145492,0.8561631441116333,0.6656633019447327,0.7489899396896362,0.6808116436004639
20854454,0.8666394352912903,0.7766507863998413,0.8191811442375183,0.7847998738288879
29061612,0.8274027109146118,0.636336088180542,0.719399094581604,0.6513779163360596
297010,0.8418244123458862,0.758431077003479,0.7979548573493958,0.7660194635391235
10866586,0.8790369629859924,0.7451829314231873,0.8065944314002991,0.756705641746521
21554953,0.8531378507614136,0.6861628890037537,0.7605941295623779,0.6998605132102966
9618007,0.7965165972709656,0.6226692199707031,0.6989449262619019,0.6365628242492676
15642998,0.8643022775650024,0.7376161813735962,0.7959498167037964,0.7485886812210083
18490060,0.8281465768814087,0.7513324022293091,0.7878716588020325,0.7583665251731873
21687353,0.8270609378814697,0.7026458382606506,0.7597939372062683,0.7133771181106567
10067698,0.8760870099067688,0.6192224025726318,0.7255925536155701,0.6379260420799255
22979540,0.846031129360199,0.6981266140937805,0.7649954557418823,0.7105485200881958
21826670,0.8088415265083313,0.6760827898979187,0.7365275621414185,0.6873647570610046
7656031,0.7660261392593384,0.6312849521636963,0.6921590566635132,0.6425878405570984
6691127,0.8129379153251648,0.6921393871307373,0.7476909160614014,0.7025794386863708
2446128,0.8085950016975403,0.7603753805160522,0.783744215965271,0.7649370431900024
18289611,0.8168702125549316,0.7054330110549927,0.7570728659629822,0.7151895761489868
9437597,0.873786985874176,0.7413493990898132,0.8021383881568909,0.7527587413787842
37415128,0.7563806772232056,0.6394797563552856,0.6930351257324219,0.6495182514190674
17154256,0.7260128259658813,0.6861785650253296,0.7055338621139526,0.6899641752243042
38620892,0.8041155338287354,0.7281988263130188,0.7642765641212463,0.7351392507553101
32914603,0.8479630947113037,0.7089941501617432,0.7722766995429993,0.7208071947097778
29170035,0.8227470517158508,0.7081845998764038,0.7611793279647827,0.7181848287582397
1855684,0.7996924519538879,0.5485548377037048,0.650734007358551,0.5663403272628784
37035874,0.8608487844467163,0.672416090965271,0.7550536394119263,0.6874641180038452
20593904,0.8477265238761902,0.7179254293441772,0.777445375919342,0.7290890216827393
29029043,0.8190196752548218,0.5947717428207397,0.6891111731529236,0.6115150451660156
22914784,0.8558413982391357,0.7137826681137085,0.7783835530281067,0.725830614566803
12556857,0.8305701613426208,0.7589548826217651,0.7931492328643799,0.7655557990074158
29675005,0.7182745933532715,0.6888555288314819,0.7032575011253357,0.6916884779930115
14100952,0.7935303449630737,0.7304011583328247,0.7606582045555115,0.7362585067749023
1158614,0.8142025470733643,0.6154524683952332,0.7010124325752258,0.6308518052101135
29358354,0.8438536524772644,0.6879629492759705,0.7579759359359741,0.7009114027023315
549264,0.804621160030365,0.7025789618492126,0.7501457333564758,0.7116034626960754
25295791,0.8149731159210205,0.7194725871086121,0.7642509341239929,0.7280034422874451
11441099,0.8131258487701416,0.6631109714508057,0.7304961681365967,0.6755747199058533
4430527,0.8825762867927551,0.5834701061248779,0.7025110721588135,0.603937566280365
8674208,0.8334788084030151,0.6956031322479248,0.7583248615264893,0.7073034644126892
26568402,0.8490644097328186,0.7139331698417664,0.7756572961807251,0.7254794836044312
15078242,0.7918548583984375,0.647497296333313,0.7124369740486145,0.6595205664634705
3679469,0.869943380355835,0.7356811761856079,0.7971988320350647,0.7472132444381714
19578120,0.836655855178833,0.668204665184021,0.7430022358894348,0.681934654712677
32742134,0.8114767670631409,0.6594209671020508,0.7275894284248352,0.6720132827758789
33840705,0.7844309210777283,0.6428630352020264,0.7066261768341064,0.6546781659126282
10719964,0.8295657634735107,0.6610443592071533,0.7357789278030396,0.6747515797615051
351887,0.7870956659317017,0.7732675075531006,0.780120313167572,0.7746284008026123
36072188,0.8508220911026001,0.7735947370529175,0.8103726506233215,0.7806808352470398
25165302,0.8599827885627747,0.6689714193344116,0.7525455951690674,0.6841675043106079
4205322,0.8555506467819214,0.6974371671676636,0.7684448957443237,0.7105691432952881
27511739,0.8563183546066284,0.7473263740539551,0.7981184720993042,0.7569610476493835
201905,0.8628660440444946,0.74200040102005,0.7978818416595459,0.7525416016578674
4976491,0.8109033107757568,0.6680396795272827,0.7325712442398071,0.6800201535224915
19875064,0.815593957901001,0.6975422501564026,0.7519630789756775,0.7077869772911072
20767945,0.8010895848274231,0.6496242880821228,0.7174499034881592,0.6621437072753906
40562405,0.8627568483352661,0.6388274431228638,0.73409503698349,0.6558501124382019
4367737,0.7582427263259888,0.5843908190727234,0.6600611209869385,0.5981043577194214
22733646,0.7515713572502136,0.674157977104187,0.7107629776000977,0.6811742186546326
16094539,0.8472598195075989,0.7444621324539185,0.79254150390625,0.7536056041717529
6240275,0.7926508784294128,0.6641501784324646,0.722733199596405,0.675094485282898
13150357,0.800274133682251,0.6565760970115662,0.7213382124900818,0.6685811877250671
12241190,0.8750879168510437,0.691693127155304,0.7726572155952454,0.7064995169639587
129136,0.8178207874298096,0.7261085510253906,0.7692407369613647,0.7343435883522034
13439488,0.7882845401763916,0.6659799814224243,0.7219893336296082,0.6764757633209229
39296848,0.8521742820739746,0.7757850289344788,0.8121874332427979,0.7828021049499512
9874353,0.8274646997451782,0.7028799653053284,0.7601010799407959,0.7136244177818298
19840672,0.8299582600593567,0.7077126502990723,0.7639761567115784,0.7182924151420593
51443,0.8135648965835571,0.7094005942344666,0.7579205632209778,0.7186011075973511
186408,0.7177526950836182,0.6690024137496948,0.6925206780433655,0.6735774278640747
43521251,0.7620955109596252,0.6925683617591858,0.7256703972816467,0.6989449262619019
2357174,0.8609417676925659,0.7019175291061401,0.7733390927314758,0.7151265740394592
10746434,0.815955400466919,0.6017194986343384,0.6926500201225281,0.6179441213607788
28621890,0.7796300053596497,0.6681707501411438,0.7196099758148193,0.6778616905212402
7325965,0.7984697818756104,0.7327231764793396,0.7641849517822266,0.7388065457344055
36898696,0.8773424029350281,0.691596508026123,0.7734742164611816,0.7065553069114685
39620821,0.8733416795730591,0.7416614890098572,0.802133321762085,0.7530152797698975
13077538,0.7796159982681274,0.719394862651825,0.748295783996582,0.7249950766563416
41731867,0.8039872646331787,0.6759660840034485,0.7344395518302917,0.6869038343429565
7722703,0.828576385974884,0.6758601665496826,0.7444671988487244,0.6885508894920349
205560,0.8900652527809143,0.6694300770759583,0.7641401290893555,0.6864461898803711
3302107,0.7676768898963928,0.6751371622085571,0.7184392809867859,0.6833749413490295
12038633,0.8126202821731567,0.6273912787437439,0.7080928087234497,0.6420255899429321
33748710,0.7729793787002563,0.6334249377250671,0.6962783336639404,0.6450711488723755
9762191,0.812240719795227,0.6816020011901855,0.7412091493606567,0.6927438974380493
10907675,0.871013343334198,0.7989596724510193,0.8334320783615112,0.8056241273880005
22154322,0.8410731554031372,0.7400860786437988,0.787354588508606,0.749080240726471
11192375,0.7276370525360107,0.5868216753005981,0.6496866941452026,0.598402202129364
330757,0.7940274477005005,0.7370942831039429,0.7645023465156555,0.7424175143241882
26117257,0.8673718571662903,0.6987412571907043,0.7739779353141785,0.7125952243804932
25934622,0.8398729562759399,0.6981615424156189,0.7624887824058533,0.7101437449455261
24289527,0.8035889863967896,0.7009528279304504,0.7487700581550598,0.7100213766098022
4937426,0.8813197612762451,0.5835620760917664,0.7021792531013489,0.6039674282073975
10630869,0.8061058521270752,0.7362267374992371,0.7695832252502441,0.7426646947860718
16240180,0.796591579914093,0.7201735377311707,0.7564574480056763,0.7271491885185242
21100022,0.835512638092041,0.7033132910728455,0.7637344002723694,0.7146203517913818
1584277,0.8065723180770874,0.6978386640548706,0.7482759952545166,0.7073746919631958
507343,0.7375818490982056,0.6438455581665039,0.6875334978103638,0.6521332859992981
25698011,0.8258180618286133,0.7022430300712585,0.759033739566803,0.7129110097885132
9855247,0.8196719288825989,0.6634498834609985,0.7333332300186157,0.6763402223587036
23548776,0.9013069272041321,0.725649356842041,0.8039955496788025,0.7400727868080139
27062471,0.8420616388320923,0.6836662292480469,0.7546418905258179,0.6967728137969971
10990598,0.8861609697341919,0.7647841572761536,0.8210107088088989,0.7754048109054565
10651680,0.8563098907470703,0.7255837917327881,0.7855453491210938,0.7368324398994446
22678467,0.8024482727050781,0.6381773948669434,0.7109470963478088,0.6515147089958191
14199725,0.7928289175033569,0.6487206220626831,0.7135717272758484,0.6607303619384766
33829750,0.8211483359336853,0.6607464551925659,0.732266366481781,0.6739104986190796
28815732,0.7808036804199219,0.7396333813667297,0.7596611380577087,0.7435539364814758
26715009,0.8148666024208069,0.6663075685501099,0.7331369519233704,0.6786807179450989
22235438,0.7845439910888672,0.6773359775543213,0.7270088791847229,0.6867200136184692
7241064,0.751946210861206,0.6975252628326416,0.7237141132354736,0.7026102542877197
5773931,0.7608329653739929,0.6487809419631958,0.7003533840179443,0.6584787964820862
44235371,0.879340410232544,0.7798020839691162,0.8265854120254517,0.7887302041053772
14410390,0.8212316632270813,0.7189760208129883,0.7667094469070435,0.7280411124229431
30077693,0.8469106554985046,0.65520179271698,0.7388226985931396,0.6703766584396362
15970885,0.6941582560539246,0.6235260367393494,0.6569491028785706,0.6299358010292053
22463210,0.8211125135421753,0.6846266388893127,0.7466837167739868,0.6961989402770996
84474,0.8418402075767517,0.7831236124038696,0.8114210963249207,0.7886239886283875
39835863,0.859947681427002,0.6674407720565796,0.7515627145767212,0.6827241778373718
28137425,0.8052592277526855,0.6024349927902222,0.6892353892326355,0.618000864982605
25927261,0.8465499877929688,0.6966365575790405,0.7643115520477295,0.7091955542564392
1178014,0.7906746864318848,0.6388418078422546,0.7066949009895325,0.651349663734436
40693565,0.7891663908958435,0.6632843613624573,0.7207703590393066,0.6740360856056213
29650362,0.8727695345878601,0.7014304995536804,0.7777755260467529,0.7154765129089355
17960389,0.8355118036270142,0.714766800403595,0.7704371213912964,0.7252478003501892
4537827,0.7988590598106384,0.6978854537010193,0.7449662685394287,0.706819474697113
3604469,0.8234004974365234,0.6533820629119873,0.7286043763160706,0.6671577095985413
19040593,0.7437777519226074,0.6000583171844482,0.6642328500747681,0.611881673336029
10930988,0.8782081007957458,0.6876527667045593,0.7713357210159302,0.702904462814331
19829894,0.8695245981216431,0.7351057529449463,0.7966850399971008,0.7466480731964111
18716795,0.8305934071540833,0.7088592052459717,0.7649132013320923,0.7194029688835144
11496104,0.7874330282211304,0.6815533638000488,0.7306774854660034,0.6908425688743591
242964,0.7959836721420288,0.6063134670257568,0.6883214712142944,0.6211135983467102
21899586,0.7843679785728455,0.6705179810523987,0.7229884266853333,0.6803938150405884
36449779,0.7534467577934265,0.6921417117118835,0.7214943170547485,0.6978196501731873
32603855,0.8734530806541443,0.7268374562263489,0.7934289574623108,0.7392461895942688
29278349,0.7354903221130371,0.7037886381149292,0.7192903757095337,0.7068352699279785
13522667,0.8715044856071472,0.7450928688049316,0.8033561706542969,0.7560595870018005
10825848,0.8286773562431335,0.6456692814826965,0.7258151173591614,0.6602505445480347
2830514,0.8420548439025879,0.6834053993225098,0.7544803023338318,0.6965284943580627
11666072,0.7922655344009399,0.7131819128990173,0.7506465315818787,0.7203726172447205
14364670,0.8437665700912476,0.7793336510658264,0.810271143913269,0.7853307127952576
20238223,0.7994118332862854,0.6789658665657043,0.7342824339866638,0.6893522143363953
33392132,0.7241030335426331,0.5748082399368286,0.6408757567405701,0.5869090557098389
28261391,0.8440984487533569,0.7092496752738953,0.7708208560943604,0.7207642197608948
